Lead_ID,App_Engagement_Mins,Web_Configurator_Status,Test_Drive_Completed,Last_Contact_Days,Lead_Source,Purchase
75efda40,35.90519084803855,0,0,31,Referral,0
1d713dd3,22.416970953233815,1,0,14,Social Media,0
c4ce3256,20.734253765564304,0,0,12,Web Search,0
24c1931f,20.73453441497701,0,0,4,Walk-in,1
c1494202,,1,0,74,Web Search,0
17a8960e,43.000593464463336,0,0,73,Social Media,0
128a04af,16.966170026113485,0,0,51,Web Search,0
fc4cc2bc,37.0472171014682,0,0,76,Social Media,0
986d1370,29.984403960969704,0,1,40,Walk-in,0
71d0f98c,3.238724152358781,0,0,52,Web Search,0
6b2f3727,10.068634240315594,1,0,49,Web Search,0
fa85e10e,31.592484560222452,0,1,14,Social Media,0
dbe42a64,65.47765301225293,0,1,6,Social Media,1
0499ec5a,20.877782774387192,1,0,39,Referral,0
0681eb6b,15.870411585814555,1,0,27,Social Media,0
4b479b7b,27.210113122082486,0,0,31,Social Media,0
3863e014,15.079267210771464,0,0,14,Referral,0
0a3eb534,,0,0,84,Social Media,0
bba08b77,24.73953718410397,0,0,69,Social Media,0
157174fc,9.602059572658254,0,0,64,Referral,0
6853f949,44.55090141319709,0,0,3,Walk-in,1
db39ecb0,8.027721694185601,1,0,10,Walk-in,0
11c846a7,7.091901657520101,0,0,25,Social Media,0
96f3b099,29.009256268322023,0,0,60,Social Media,0
52336690,42.20030711968576,0,0,36,Referral,0
fcf11cd2,28.467533615356057,0,0,22,Referral,0
175a858d,22.826687656269012,0,1,84,Walk-in,0
ced5cea7,19.610721524752115,0,0,39,Web Search,0
faaf86d8,,1,0,76,Social Media,0
0650f7ab,51.56698950779174,0,0,22,Web Search,0
22866917,31.815659090848833,0,0,15,Web Search,0
54de4bce,18.259782204879812,0,1,60,Referral,0
9c098bdb,14.049097939673358,0,0,67,Social Media,0
99b583c7,,0,0,79,Social Media,0
c26ffff8,50.75162510103326,0,0,30,Referral,0
275e15dc,47.718146727043326,0,0,52,Web Search,0
d48f09d8,12.015705723170205,0,0,24,Referral,0
e35f726d,19.477467019314364,1,0,43,Walk-in,0
7bcf029d,,1,0,11,Social Media,0
6acec883,21.57432173678983,1,0,89,Walk-in,0
1fc28302,44.266327850448846,1,0,8,Referral,1
12bff1fc,61.533936858108156,0,1,11,Social Media,1
84d5887a,32.67730710462748,1,0,68,Walk-in,0
69cd1221,14.472669346383258,0,0,53,Walk-in,0
1a1714e8,24.312629473333562,1,0,53,Unknown_Source_999,0
93daa19a,69.18809302610377,1,1,27,Social Media,1
1abb35e4,26.723829023307793,1,0,55,Walk-in,1
461fd47e,19.645270538633657,1,0,68,Walk-in,1
5caae5d2,20.98278917701918,0,0,76,Web Search,0
8f8e5393,32.572700460720185,0,0,57,Walk-in,0
e7a8c9ae,12.38447601757894,0,0,77,Walk-in,0
8b3168fe,16.48795677185044,0,0,74,Walk-in,0
302cdfb7,47.246585903613756,0,0,41,Web Search,0
4512bca0,31.921914229845964,0,0,37,Walk-in,0
d230abb1,26.9274126071832,1,0,67,Walk-in,0
af783d7f,48.84020347018551,0,0,52,Social Media,0
b93a8404,13.72028675672288,1,0,32,Social Media,0
77682db5,19.176523758464704,1,0,70,Web Search,0
e56a06cc,31.18395457172091,1,0,55,Referral,0
8205dcca,30.403718858960445,1,0,71,Social Media,0
892c63fb,6.387683614476196,0,0,50,Web Search,0
8f8df1fc,17.70692120407672,1,0,73,Walk-in,0
799b8aff,22.004975555424096,1,0,42,Walk-in,0
30193618,33.669083130476515,0,0,14,Web Search,0
d35dcede,30.326454622763993,0,0,37,Walk-in,0
a406e0bc,23.58589446001963,1,0,14,Walk-in,0
b2b9b4ba,3.2115762285900096,0,0,4,Referral,1
b7b868d0,24.490067916771906,0,0,82,Walk-in,0
49e2aeaa,26.18458541677835,0,0,53,Social Media,0
64a86eaa,109.46996683174306,0,0,50,Walk-in,0
2ee1699e,21.456896589459497,0,0,9,Web Search,0
69e403fb,31.305892836959963,1,0,11,Referral,0
c0b56159,54.303191383214475,0,1,3,Walk-in,1
16f92ea3,42.57109044708541,0,1,17,Web Search,1
7d4e582b,63.19206870917219,0,0,79,Social Media,0
160eec76,6.493683291115296,0,0,35,Walk-in,0
123e8225,10.305928412404883,1,0,24,Referral,0
53dd5fa0,15.559005666633404,0,0,86,Walk-in,0
1effff75,5.38975792278382,0,0,75,Web Search,0
ddd14910,26.351359404122213,0,0,35,Referral,0
f00f98f9,11.087665658557754,0,0,66,Walk-in,0
8a369217,68.62813120023135,1,0,8,Social Media,1
0a171249,12.693013206679337,1,0,60,Referral,0
12aee521,19.267548268044592,0,0,52,Social Media,0
eb47684e,44.29443239556379,0,0,17,Web Search,0
58540f91,7.9370708545124025,0,0,42,Walk-in,0
74eb615d,5.003747473649867,0,0,34,Social Media,0
455f402f,28.748576156664186,0,0,62,Web Search,0
f4cf993a,30.377857286246297,0,0,77,Walk-in,0
91199750,43.40181959735746,0,1,3,Web Search,1
fb449a0c,36.53065830041622,0,0,40,Social Media,0
54cc274a,31.203355058554337,1,1,44,Web Search,1
78c0591f,14.008221254313394,1,1,49,Referral,1
011b71cd,29.772673674554163,0,0,78,Walk-in,0
7538d294,,1,0,27,Web Search,0
191a3c52,13.561264392127764,0,0,41,Social Media,0
9c61a4b6,,0,1,79,Walk-in,0
b0dbc717,35.34410356152164,1,0,75,Referral,0
7d7f6b85,10.476926182055948,1,0,68,Walk-in,0
20545185,43.54916857803393,1,0,0,Referral,0
438e7574,48.68092710605849,0,0,38,Walk-in,0
d6e1c5a3,33.87567523142123,0,0,89,Web Search,0
26e36815,20.542797572083952,1,0,16,Web Search,0
5c3d509c,13.060280190693147,0,0,87,Social Media,0
ed338f37,23.536457945281473,0,1,34,Referral,1
c2dc835a,32.20538918583453,0,0,45,Social Media,0
30967e23,25.252626745374734,0,1,41,Web Search,0
e3f6011f,65.03290825481423,0,0,38,Referral,0
101d2bd8,39.178692537705835,0,0,89,Social Media,0
72f84be4,11.803800815668978,1,0,48,Social Media,0
6ba27d47,9.467814822438356,0,0,61,Social Media,0
47a260d5,35.55526672525937,0,0,37,Social Media,0
8c022894,20.91753788954026,0,0,22,Social Media,1
6f3c3a9f,41.532182192840395,0,0,21,Referral,0
35649da1,35.32958442879738,0,1,3,Social Media,1
4d7465bc,23.616028191393905,0,1,48,Referral,0
4daca676,11.925910215900851,1,0,58,Social Media,0
d3edd0b5,5.642995870297829,0,0,72,Web Search,0
04e308ce,29.379311125466845,1,0,67,Web Search,0
51e2773c,7.803773004285483,0,0,70,Social Media,0
dbc64a79,,0,1,86,Walk-in,0
b62367c2,28.09659419979972,0,0,1,Web Search,0
3ba77c64,26.14423313278938,0,0,48,Referral,0
f7da333b,8.75582934710223,1,1,87,Social Media,1
e6949adb,52.3848984528533,0,0,30,Referral,0
f9527b23,51.46287645672613,0,0,39,Walk-in,0
3ba6c3c5,36.35871312563797,1,0,47,Social Media,0
24a3877a,36.32766681146971,1,0,50,Web Search,0
13d68d38,36.35902183696097,1,0,42,Referral,0
8bf99d05,48.39839920285595,0,0,54,Web Search,0
0d0c6633,39.85463041242373,1,0,87,Web Search,0
651554b3,12.821967161213044,0,0,48,Social Media,1
4b16d814,20.688727210564803,0,0,89,Referral,0
01d52e38,101.94798297336732,0,0,79,Walk-in,1
985e3a37,3.472264786069053,0,0,56,Web Search,0
30df3825,16.92944564204186,0,0,76,Social Media,0
9921954f,,0,0,14,Social Media,0
0d24b29d,13.549002393537549,1,0,26,Walk-in,0
2203269d,40.60468932523835,0,0,67,Social Media,0
98d0f1d7,25.892919575952828,0,0,79,Web Search,0
fb4b518b,14.385673755444634,0,0,63,Social Media,0
b8f5a8bd,2.715168256817379,1,0,29,Referral,0
f4349eba,28.78728779903202,0,0,35,Referral,0
8970768f,12.579139822242665,0,0,66,Web Search,0
f49ddea0,22.843310629122115,1,0,85,Referral,0
a3726175,36.10951454888664,1,0,85,Walk-in,1
d0af3eaa,45.79218447520617,0,0,48,Social Media,0
71f1e85e,16.884485336610357,0,0,75,Web Search,0
53275b3b,14.362524229862515,1,0,54,Walk-in,0
55b1bacc,7.669591168924451,0,1,84,Social Media,0
b8457c7d,,0,0,55,Walk-in,0
1308af0d,92.72588963262913,1,0,67,Web Search,1
37fffd6f,50.79714574799502,0,0,43,Web Search,0
68fba8ff,58.434015789640505,0,0,30,Walk-in,0
20e60dcb,13.647511432834737,0,0,57,Social Media,0
705b3116,34.6170249758351,0,0,86,Referral,0
461029ae,43.20104248441166,0,0,52,Referral,0
5909ae7c,9.94707896146982,1,0,83,Walk-in,0
c6fb9c06,71.80728219398942,0,0,78,Web Search,0
90bba704,6.27320150401475,0,0,22,Social Media,0
f96ca787,64.58485523843676,0,0,27,Social Media,0
ef8935c1,6.229231915453813,0,0,15,Web Search,0
4c8d7635,10.403064899171625,1,1,36,Referral,1
50464e05,35.05875739704506,0,0,20,Social Media,0
8ba43966,26.37621957407919,0,1,78,Walk-in,0
eb5f165d,18.256149497655166,0,0,16,Referral,0
3510324e,70.0071570808476,0,0,36,Walk-in,0
43f9a847,7.874590321530868,0,0,76,Referral,0
8ef46c46,22.174383008394894,1,0,18,Web Search,0
e1e2988f,38.21092635748357,1,0,29,Walk-in,1
b0109ac1,30.845713653075475,0,0,44,Walk-in,0
6c11d4a1,14.776343568029391,0,0,17,Web Search,0
1aab71ec,15.235658759481552,1,1,77,Walk-in,0
5e68a3f8,,1,0,61,Referral,0
7e6ae41d,46.780369782986554,0,0,35,Social Media,1
ed5d2a62,31.43548249243285,0,0,83,Social Media,0
3b8b869e,12.137579057482846,0,0,51,Web Search,0
b4b4e1da,15.645508378675332,1,0,18,Referral,0
12d296e3,24.597422826952915,1,0,43,Walk-in,0
4c04b2a4,27.341558608773337,0,1,6,Walk-in,1
fa72d272,37.16154177717133,0,0,43,Social Media,0
36e8a7cc,21.28540833964769,1,0,67,Walk-in,0
e66e86a3,44.63268348753332,1,0,33,Social Media,1
2b8aec93,44.2942174301177,1,1,65,Web Search,1
5e540d33,59.75930524617787,1,0,68,Walk-in,0
bea28b80,25.408947438554364,0,0,54,Referral,0
89c6dc92,31.817532630399587,0,0,9,Walk-in,0
7f15642f,22.563528099211474,0,0,41,Social Media,0
b2ea9725,12.266920237754984,0,0,40,Web Search,0
4dc9a894,91.35144329752694,0,0,76,Social Media,1
5c902927,54.8012509201356,1,0,68,Walk-in,0
ff130345,43.67764392677825,0,0,9,Social Media,1
462e5f89,24.763591390382853,1,0,9,Social Media,0
92977149,11.339221563164408,0,0,59,Web Search,0
dbf0b237,49.03640864329804,1,0,50,Referral,0
3c75e1d8,22.25900686054257,0,0,20,Walk-in,0
1ca8cec3,,0,0,7,Web Search,0
a8c37fc3,15.595356780847098,0,0,64,Referral,0
a6469f5d,30.0501262746748,0,0,77,Social Media,0
d590bdd2,16.411980939303675,1,0,84,Referral,0
149f485f,16.94279279650054,1,1,29,Social Media,1
4db3a7ba,29.76824067375265,0,0,84,Social Media,0
d1af2b8a,6.13598212640863,0,0,48,Web Search,0
feb10569,6.449536179121809,0,0,8,Social Media,0
b7c9ab00,13.508616568543822,0,0,16,Web Search,0
75d2538c,21.09022731826588,1,0,68,Referral,0
8cbfe8cb,45.557893693294304,1,0,57,Referral,0
530bc7f1,22.02894474502505,0,0,56,Social Media,0
c7f330bd,24.643205613592627,1,0,61,Web Search,0
faa2fc73,19.816418150721283,0,0,51,Social Media,0
30b32ab9,31.784617946079777,1,0,60,Web Search,1
c4e09498,,0,0,39,Web Search,0
964de129,22.95245901001624,1,0,37,Web Search,0
61655906,33.61387188858867,1,1,42,Referral,1
c31092e5,29.595462123489053,0,1,62,Web Search,0
933b9bb6,25.24464449463874,1,0,18,Referral,0
f2fed0c4,25.477647563194743,0,0,49,Web Search,0
c74c72cd,35.93685490217659,0,0,32,Referral,0
940280f6,94.17298795318422,0,0,12,Walk-in,1
1d860142,12.890052500282533,1,0,77,Referral,0
5a1f94b7,95.90028490177585,1,0,61,Referral,1
9d34d518,12.38684416993929,1,0,42,Social Media,0
8ca09188,2.302702429184716,1,0,48,Web Search,0
62da656f,16.13835014179738,0,0,35,Walk-in,0
9476bff4,32.21923891253026,1,0,9,Social Media,0
07a77c4e,81.77395223970306,0,0,5,Web Search,0
3e0d77f7,11.325962525282229,0,0,56,Walk-in,0
2b2a6f62,35.78712143404177,0,1,0,Walk-in,1
7b9457d3,7.158599169749087,1,0,70,Walk-in,0
ec7be836,79.88084532450314,1,0,57,Web Search,1
27ac5299,55.50119716515828,0,1,20,Walk-in,1
38631b38,16.97063789785216,0,1,79,Walk-in,0
0d6590b0,61.45039186617475,1,0,55,Social Media,0
1d1f8520,22.8468956596681,0,0,86,Referral,0
5de6c0df,57.44730919004511,1,0,19,Web Search,1
f86b33fc,25.101681352385253,1,0,53,Referral,0
af8979d0,25.920855790166915,0,0,24,Social Media,0
81796993,17.258083189536418,0,0,27,Referral,0
6b3e0bd2,39.10512812214844,1,0,4,Walk-in,1
778a1af0,27.402619208494645,1,0,20,Walk-in,1
3dcc04f5,36.343889172318484,0,0,17,Web Search,0
fc4791f0,5.505806077394587,1,0,46,Web Search,0
794a423a,58.80196110891774,0,0,69,Web Search,0
75a640b3,68.67436738967437,0,0,56,Social Media,0
3dc0a610,27.307598832467523,1,0,18,Web Search,0
4a93a408,89.90559962857337,1,0,64,Social Media,1
cbfede32,76.72562484616718,0,0,2,Walk-in,0
29479e79,39.69587762299494,1,1,41,Referral,1
4943b3e6,61.972419480543884,0,0,20,Walk-in,0
91158635,51.60786372384747,0,0,39,Walk-in,0
6a261100,,0,0,66,Walk-in,0
3bbb522a,20.137444784189196,1,0,24,Web Search,0
faefc451,41.628461603396055,0,0,54,Web Search,0
e8e8cd58,71.65885947567817,0,0,83,Web Search,0
1b69d145,6.666658774715288,0,0,51,Referral,0
81c378d0,,1,0,43,Web Search,0
4d68aff6,23.939677413853456,0,0,84,Social Media,0
17def20c,2.53294268093856,1,0,55,Walk-in,0
7e4d7315,23.313605163450276,0,0,54,Referral,0
f041b4d0,32.79231775456404,0,1,86,Referral,0
85234691,10.85888693284487,0,0,69,Referral,0
9c16425b,23.805761879537506,1,0,76,Referral,0
a4027d53,,1,0,86,Referral,0
a1382ff1,16.07331115501628,0,0,72,Social Media,0
e65ebed4,12.574826965510884,0,0,80,Walk-in,0
aff23f97,22.98411585811071,0,0,65,Referral,0
4e9b6120,9.833800556091886,0,0,18,Walk-in,0
99bc4bb2,85.61114999298243,0,0,82,Web Search,0
5f1fb004,25.689112208469236,0,0,6,Referral,0
8f03387c,13.750522609251028,0,0,62,Referral,0
f2cfafad,29.376856373424907,0,0,41,Walk-in,0
5ce85514,22.88725471207519,0,0,41,Referral,0
592e6d6f,20.96043690291836,1,0,58,Referral,0
5bf97877,16.069798420464224,0,0,19,Referral,0
2976845d,15.4250011487286,0,0,72,Social Media,0
95428d5f,5.640527831132326,1,0,16,Social Media,0
bb4ab2ac,61.91011024159218,0,0,26,Referral,0
5a4b9155,37.90954365527348,0,0,46,Social Media,0
ec2ef674,31.5246923501847,0,1,1,Web Search,0
bd17acef,22.603800315015715,0,0,62,Referral,0
937b8310,10.685878134913079,0,0,61,Web Search,0
754dd974,13.027465979726266,0,0,18,Walk-in,0
d1ab01af,6.334164358925235,1,0,16,Web Search,0
c9895aa3,14.453132090919503,0,0,68,Walk-in,0
c910bfd0,9.360215305786488,0,0,38,Referral,0
12f225c9,73.97019806138262,0,0,81,Walk-in,0
bf182c1c,46.25422503878657,0,0,70,Walk-in,0
18be9095,26.528359403527084,0,0,80,Web Search,0
a7b189b2,11.755412602736492,1,0,38,Web Search,0
8e759cee,9.81298325266278,0,1,35,Web Search,1
88342c61,21.492283954236903,0,0,39,Referral,0
8d014e33,47.56626491475556,0,0,44,Referral,0
8dbd245e,6.519602924947248,0,0,3,Web Search,0
f16fab0a,37.56330578964069,1,0,24,Referral,1
49cb3b7c,14.398508974752769,0,0,68,Referral,0
b2cf6240,16.70357095599316,0,0,29,Walk-in,0
c5deed7c,25.951438186396487,0,0,75,Walk-in,0
668be0f0,12.114206751290757,1,0,67,Web Search,0
43293dca,20.652400794688194,0,0,87,Referral,0
69af0fd5,11.221776588634457,0,0,28,Walk-in,0
874e38fd,15.411628602800613,1,0,72,Social Media,0
7373331e,42.6666570358708,1,1,67,Referral,1
6fd94b30,26.97331812685792,0,0,50,Social Media,0
55217907,42.55601738854971,0,0,23,Web Search,1
314eba43,,0,0,13,Referral,0
b9eddc05,37.7574556573006,0,1,68,Web Search,0
af61fc28,4.872008212303175,0,0,17,Web Search,0
6a19d178,25.942769642927644,0,0,41,Web Search,0
6f85a617,39.51735758771215,0,0,56,Web Search,0
c72dd229,4.65417083238544,0,0,82,Web Search,0
59155589,14.382515496031354,0,0,11,Referral,0
8f33fa81,25.92915031832721,1,0,81,Social Media,0
ff6efa27,49.98840924143956,0,1,16,Referral,1
1e4ee5a1,15.409937904209341,0,0,29,Referral,0
3f7e128c,36.72707159719576,0,0,87,Referral,0
e7848977,64.59562344710827,1,0,74,Walk-in,1
a348dab6,37.92271258738742,0,0,22,Walk-in,0
0e72145f,,0,1,80,Referral,0
d67c411f,32.89795595633041,0,0,0,Social Media,0
5fcde23f,15.033051604447689,0,0,78,Referral,0
0537262c,26.714572365679796,0,0,31,Unknown_Source_999,0
79d33f9c,22.10487671002018,0,0,8,Walk-in,0
08f50441,32.12408371560268,0,0,14,Walk-in,0
4b4afe3a,17.842181947992866,1,0,27,Referral,1
b8436c67,33.44290642961585,0,0,23,Referral,0
c37eb4bd,17.70170312726306,0,1,59,Social Media,0
77422566,45.94802359092733,1,0,34,Social Media,0
1d6d8cc1,19.203125681731024,0,1,85,Web Search,0
044f7b7d,2.658343361107703,0,0,26,Referral,0
cdfb3283,10.118827073633383,0,0,82,Referral,0
5e6a2102,25.358369251579067,0,0,75,Referral,0
e49ecc67,73.54379893140494,1,0,19,Walk-in,1
d2283fba,44.746467776572544,1,0,64,Web Search,0
1d89089f,1.9750452290779585,0,0,84,Social Media,0
94e9fc3d,5.90733573160686,0,0,48,Walk-in,0
7e722893,54.33344259948695,1,0,0,Walk-in,0
bff1852a,,1,0,9,Walk-in,0
af06efa3,99.79024200887133,1,0,46,Walk-in,0
76485169,17.117864209272728,0,0,58,Web Search,0
00763196,11.88987962737676,0,0,61,Referral,0
22db6ec8,26.411640590910952,1,0,85,Social Media,0
9c73a7f3,16.844088666374766,0,0,17,Social Media,0
e18cc42b,50.95495774433305,0,1,45,Walk-in,0
bb0e98d1,16.36706913196844,0,0,31,Walk-in,0
5dd7169c,20.129598303995195,0,0,26,Web Search,0
722dcdd8,10.432720552266328,0,0,17,Walk-in,0
a0f59926,42.71084891166429,0,0,38,Social Media,0
60d3d25c,11.05682413098802,1,0,48,Social Media,0
31a1f7b6,33.89118513882315,0,0,81,Referral,0
fd738db5,81.80062334353488,1,1,43,Referral,1
f8c875b4,3.9527271844296257,0,0,71,Social Media,0
0ad1d36c,66.60242522022178,0,0,53,Social Media,0
e749bff3,30.822924756217297,1,0,33,Web Search,0
a452903e,8.92510881782059,0,0,70,Web Search,0
8364366e,27.17882056295519,0,0,35,Social Media,0
988fc1df,41.852606879548276,0,0,17,Walk-in,0
6f67d8b5,12.604224608889824,0,0,37,Referral,0
fde972f7,,1,1,58,Social Media,1
3a08e7ee,70.28336017567656,1,0,8,Walk-in,1
5491bc9b,16.3495652489623,0,0,72,Social Media,0
9ac3e2b4,10.315923175721542,0,0,71,Referral,0
c8d8576c,22.642402047854635,0,0,50,Referral,0
78609eb3,26.094709080409718,1,0,34,Web Search,0
93a3dc97,52.738948621601914,0,0,81,Web Search,0
4c19e7f8,22.063325065035258,0,0,4,Web Search,0
307a9d2d,17.61114561732919,0,0,13,Web Search,1
292e4c21,10.076311303494313,0,0,29,Referral,0
d4c9c970,4.696368361551433,0,1,3,Walk-in,0
0f90f783,7.416306342059076,1,0,38,Walk-in,0
8bba51c1,7.372310725457293,0,1,83,Walk-in,1
1c96fc4b,20.302445546360136,0,1,63,Social Media,1
1c668f79,5.727438214600897,1,0,24,Web Search,0
f9f5e0ca,23.96325521578498,1,0,27,Web Search,1
283d306a,80.61816178095891,0,0,75,Referral,1
5f841834,53.77686057071257,0,0,65,Referral,0
c68c4002,20.14613248177316,0,0,77,Social Media,0
03f6e998,115.27718961071838,0,0,21,Social Media,1
d5b3c60c,26.16438352458891,0,1,30,Walk-in,1
fee55f97,29.035427453620617,0,0,22,Referral,0
9c121d85,22.307377651148702,0,0,47,Web Search,0
fd69981e,24.3710844126134,1,0,19,Walk-in,0
012f5b71,15.884117787421266,0,1,37,Web Search,1
6ddb1f21,20.380320748015883,0,0,54,Walk-in,0
4467dccf,66.89867177777455,0,1,67,Web Search,0
3e6e8645,57.726596544016324,1,0,78,Social Media,0
12930489,2.507991660474104,1,0,87,Walk-in,0
8f2c4025,6.449160122929129,1,0,88,Web Search,0
ab804368,12.76013401189192,1,0,0,Web Search,0
8886f5b1,47.84932376632371,1,0,6,Referral,0
3c3dfe57,58.59254608077711,0,0,56,Walk-in,0
7acec68e,41.740914264905975,0,0,11,Web Search,0
35a0563e,,0,0,4,Referral,0
0266e7b7,16.156216505955747,1,0,49,Web Search,0
2bd7c77c,35.72456938447117,1,1,41,Walk-in,1
000a7dc8,20.628927029048533,0,0,11,Social Media,0
39bfb7ea,18.42141871595528,0,0,17,Walk-in,0
34b3c569,18.641163488640675,0,0,65,Walk-in,0
be6d5796,54.84109219345398,1,0,73,Web Search,1
f89718af,38.333984063209904,0,0,78,Unknown_Source_999,1
49890ae3,19.471990152068265,0,0,16,Walk-in,0
9a3fa68b,31.862280072502386,0,0,67,Referral,0
72114892,7.755976215318471,0,0,70,Referral,0
71b84940,16.182245414265168,1,0,61,Referral,0
741e4d6c,51.31283171096164,0,0,40,Web Search,0
66fe3ef9,5.348327740500333,1,0,33,Web Search,0
ee9b139c,,0,0,69,Walk-in,0
0adcde09,2.472459094127238,0,0,44,Social Media,0
5ba62246,74.34258227555218,0,0,57,Web Search,0
d9da0278,,1,0,50,Walk-in,0
d1b9d243,33.55314896424152,0,1,33,Walk-in,0
0df83602,27.277890065411043,0,0,43,Social Media,0
ca3c332c,28.024995344508884,0,0,14,Referral,0
835fcebe,31.44681448086728,1,0,77,Walk-in,0
88bc6b4a,4.353727177506828,0,0,69,Walk-in,0
dec614db,28.456916643797317,1,0,49,Walk-in,0
4e9fbaf4,21.60374732848238,0,0,31,Referral,0
c3332682,15.93663001089924,0,0,66,Referral,0
0bfbaa17,12.754099009557077,0,0,2,Social Media,0
b61af18e,28.987536404757698,0,0,85,Web Search,0
f1720e17,10.436948738212884,0,0,85,Referral,0
ad8ffa2b,50.6943991747402,0,0,73,Web Search,0
ff4ffd70,35.313975954826475,0,0,50,Web Search,0
9c74852e,30.292972890174124,1,0,66,Referral,0
b4c19610,49.26650711830352,0,0,75,Walk-in,0
c59774dd,,1,0,47,Social Media,0
560ba423,7.506108616755269,0,0,16,Web Search,0
ee710470,36.42397265578774,0,0,6,Walk-in,0
76e1f18c,13.41505673326942,0,0,12,Referral,0
752918b5,,0,0,65,Web Search,0
5d34b107,6.455837386459568,0,0,3,Web Search,0
d9b8f04a,10.464009314874827,0,0,9,Web Search,0
60be59e4,51.45785476226161,0,0,87,Walk-in,0
4c13ab74,35.82153631963039,0,0,16,Walk-in,0
eabc665c,28.752875570581864,1,0,51,Walk-in,0
65aea006,15.42753336469765,1,0,5,Web Search,1
3853884a,27.437923480493414,0,0,82,Web Search,0
b8907ab7,,0,0,68,Social Media,0
bbb9b47e,13.705710307910795,0,0,73,Social Media,0
fef21cdb,24.328553335051534,0,0,8,Walk-in,0
f1cd158e,,0,0,76,Walk-in,0
2bd32479,41.36268328725727,0,1,82,Referral,1
aba65810,15.613145902740053,0,0,20,Walk-in,0
31a1734f,39.07799716148593,0,1,23,Social Media,1
18d9929d,5.254705411928717,0,0,3,Social Media,0
54fe92b7,23.586127057562344,1,0,23,Social Media,1
8cf18c40,39.048326687052295,1,0,58,Web Search,0
13864d12,33.10890180723993,0,0,2,Web Search,0
88a3484f,38.78597559665318,1,0,67,Walk-in,0
55b97137,44.8755265706203,1,0,39,Referral,1
148674d4,34.98787888744136,0,0,47,Referral,0
05f0b9a1,34.276503423840005,0,1,53,Referral,0
e2c97b44,29.241380742504298,0,0,34,Web Search,0
258042b4,9.365160085969832,1,0,55,Social Media,0
86d5b593,51.44253546697607,1,0,88,Social Media,0
180f4ef9,24.241814157739952,0,0,39,Web Search,0
7dbde427,40.65562807675966,0,0,76,Referral,0
9da8df55,47.92714259059604,0,0,67,Referral,0
895dce82,16.279209817111123,0,0,45,Walk-in,0
be368b8b,17.49465269586621,0,0,77,Unknown_Source_999,0
e85f3f45,19.478127014007594,1,0,12,Referral,1
915ec123,58.05438590317897,0,1,26,Web Search,1
08e728af,11.369509012367299,1,0,5,Referral,0
0b46eaa1,64.79306465687512,1,1,16,Walk-in,1
fe9dc8bf,29.002703569479994,1,0,35,Referral,0
0f9ff4ba,30.536181010678575,0,0,80,Web Search,0
a546529c,,0,0,1,Social Media,0
9633451d,26.62751561983875,0,0,76,Web Search,0
7cf8bd0d,51.82970336339861,0,0,51,Web Search,0
0d0fc045,16.26112252560707,0,0,65,Walk-in,0
547c73ce,63.427837007941946,0,0,51,Web Search,1
8585462c,17.32719334377029,0,0,42,Web Search,0
e7c325e6,65.02742888529288,0,0,89,Walk-in,0
2f3c5d05,17.713977119809773,0,0,21,Walk-in,0
0d27f39e,19.930648924537707,0,0,54,Social Media,0
73c29513,10.1606917071935,1,0,66,Referral,0
e1299e24,12.884450061222738,1,0,59,Web Search,0
2d928549,24.33432729439979,0,0,57,Walk-in,0
c40106fa,29.815360486726995,0,1,11,Social Media,1
3291c611,49.31618164176081,0,0,87,Referral,0
d979de31,21.080863240422016,0,0,68,Walk-in,0
109263f0,33.16058418966711,0,0,83,Referral,0
625d965c,28.363849434428325,1,0,38,Referral,0
0a0df5ec,35.800210647554756,0,0,12,Web Search,0
f861dacf,14.572161791776633,0,0,40,Web Search,0
8f1e09f9,16.06264833628574,0,0,56,Walk-in,0
c088b63f,14.576930319589438,0,0,52,Referral,0
2796da27,55.81738817442853,0,0,11,Walk-in,0
6a5731e7,63.830584147222424,0,0,12,Walk-in,0
5360c6db,15.496294389291766,0,0,73,Referral,0
9f0a0a7e,15.758530113325003,0,1,56,Walk-in,1
1c784bbd,39.36879772584259,0,0,39,Referral,0
55e39c20,68.53594630120176,0,0,79,Referral,0
07ea4baa,78.39539439021945,0,0,44,Referral,1
96e734cc,14.911925098601731,1,0,34,Referral,0
428fc37b,18.218675907660387,0,1,2,Social Media,0
5b2b18af,30.95440741461633,0,0,4,Referral,0
078aa5c4,32.052134509819396,0,1,89,Web Search,0
a73a0059,21.727599125816546,0,0,10,Web Search,0
1013f248,12.508506953118701,0,0,70,Web Search,0
74b888c4,,0,0,55,Referral,0
9e92dec6,,1,0,9,Web Search,0
ed04994c,16.256429565257577,0,1,33,Social Media,0
77eec2a8,29.58886324054272,0,0,66,Walk-in,0
824ef02f,112.80436241578502,0,0,71,Referral,0
64324e85,16.064496658596774,1,0,30,Web Search,0
436340e5,40.66609420265983,0,0,74,Social Media,0
4bf26e46,80.52314833210053,0,0,70,Walk-in,0
9bc55973,38.27102291235443,0,0,65,Social Media,0
4288f5ac,53.202545620059915,0,0,69,Web Search,0
22b6c707,44.49221398620438,0,0,40,Social Media,0
5b274b1f,36.16612752406927,0,1,62,Walk-in,1
900f626a,62.45346961287984,0,0,31,Web Search,0
b5ed294e,39.78381304073114,0,0,19,Walk-in,0
6d79d0cf,21.901406046863162,0,0,56,Social Media,0
6462c75b,27.950081836101116,0,0,49,Referral,0
8a592a0d,32.84049191540748,1,0,79,Referral,1
13e9e822,18.13041568660207,0,0,24,Referral,0
77b0b37d,28.886214971038843,0,0,11,Referral,0
ec6de5e9,25.91006474398025,0,1,70,Walk-in,1
40e42fb1,39.698730284258986,0,0,38,Referral,0
638a0e45,94.64598604965495,1,0,16,Walk-in,1
a8717c02,30.146929700751496,0,0,44,Web Search,0
60272a2d,69.67821284520508,0,0,10,Referral,0
0f92ab4e,38.71622620252103,0,0,69,Walk-in,0
ffa0f113,28.790581371132646,0,1,22,Referral,0
5b5f9259,17.31307611052701,0,1,69,Referral,0
25130ec2,28.95003756751531,0,1,37,Referral,0
e6b02d21,27.664363060214537,0,1,1,Walk-in,1
b33f3502,13.745384356768684,1,0,85,Social Media,0
012a6b01,,0,0,83,Referral,0
28456659,33.03921773628014,1,0,88,Referral,0
6dc814de,69.22170394888548,1,0,78,Web Search,0
bbeda1cc,,1,0,71,Social Media,0
b1ea9110,6.136516875818191,0,0,36,Walk-in,0
ed1bca7f,9.98016479361713,0,0,48,Web Search,0
cae21270,41.37906113730655,1,0,51,Referral,0
f2577d12,7.499794158950713,0,0,32,Web Search,1
3f24bf16,45.98675501036142,0,0,21,Web Search,0
5cece4bc,39.8231890776892,1,0,4,Referral,0
b26f6575,23.128227136591924,1,0,17,Social Media,0
cbcef4c5,13.852397935069177,0,0,37,Social Media,0
7c726c9f,20.613416713678127,0,0,36,Web Search,0
09cb3f24,,0,0,63,Referral,0
70792f8a,7.752197619151357,1,0,9,Walk-in,0
524ec137,64.67572965728348,1,0,78,Web Search,1
93d1bf34,32.241474854856875,0,0,41,Walk-in,0
0a0891d5,34.929111624782344,0,0,47,Web Search,1
1fe0b124,39.625990178218956,1,0,43,Web Search,1
c2437e89,60.58263999636863,0,0,81,Referral,0
a1f66e83,29.001985050370767,0,0,86,Referral,0
f26245c8,41.396603304853194,1,0,15,Walk-in,0
00f72266,14.056084366250026,0,0,53,Walk-in,0
c3f30abe,78.60562266271562,0,0,34,Social Media,0
c07415a0,27.56368971410394,0,0,27,Referral,0
4a0bf67e,13.994709410894444,0,0,1,Web Search,0
1feff312,17.316868605983032,1,0,12,Web Search,0
6dba6e5e,3.357855787306109,0,0,40,Social Media,0
d28f69b1,17.224210838517862,1,0,79,Referral,0
676957ac,,0,0,58,Web Search,0
df629d22,43.51316839509278,0,0,68,Social Media,0
842f2eef,34.17716241805567,0,0,52,Social Media,0
0e1d5e27,10.560711519250457,0,0,44,Web Search,0
9e22438f,24.08740869089544,0,0,19,Web Search,0
4302c773,24.930302001810276,0,0,23,Walk-in,0
23e296c8,8.608542122170133,0,0,60,Referral,0
611f68b6,20.960530324214627,0,1,57,Walk-in,0
b7d6e455,25.52426463829266,1,0,26,Social Media,0
d533a59b,20.51241511967419,0,0,25,Web Search,0
aa650760,13.982446441206301,1,0,6,Walk-in,0
f4c0a445,10.187498836703888,0,0,41,Social Media,0
5eb35b88,19.94204466858281,0,0,46,Referral,0
83bbc066,15.490203693993145,0,0,52,Web Search,0
5c904f37,37.80805571702737,0,0,58,Walk-in,0
9d5407d6,63.06857906555678,0,1,37,Referral,1
e8710d12,47.52037423489634,1,0,68,Walk-in,0
12708f19,26.17260729750543,1,0,86,Social Media,0
130667ed,14.448242315870619,0,1,52,Referral,1
789f554d,46.65090864266215,0,0,14,Walk-in,0
d3672a60,39.42754005697366,1,1,25,Referral,1
267ebdbe,60.17276034511271,0,0,47,Social Media,0
3d6dd2ff,29.02504808757348,1,0,18,Referral,0
aa3a33a5,75.93590333358252,1,0,8,Walk-in,0
7cf654ba,29.031705121236648,1,0,63,Social Media,0
5d6c9ecb,14.388116764850217,0,1,53,Web Search,0
d23cded7,16.751562194267795,0,0,50,Walk-in,0
f784dcfe,36.552953709983655,0,0,38,Walk-in,0
8de05efc,15.454749248769733,0,0,3,Social Media,0
b0418fdd,75.5944120285291,1,0,2,Social Media,1
34a21e8a,34.4370094182957,0,0,63,Web Search,0
2c08f8e4,25.743179131615104,0,0,28,Walk-in,1
63cfb39d,27.397178439312004,1,0,10,Social Media,1
d122fa34,20.33980133858422,1,0,57,Web Search,0
06394885,4.609713105531807,1,0,74,Web Search,0
470275da,16.76193485589006,1,0,26,Social Media,0
9d4da531,69.54534986547641,0,0,20,Walk-in,0
038638a2,29.603249875311157,0,0,38,Referral,0
3e369dda,51.25308955389893,1,0,45,Referral,0
94cbaa36,52.246435957126316,0,0,65,Web Search,0
8beea440,24.261676632019594,0,0,35,Referral,0
bbfdf14f,39.87925523023378,0,0,74,Referral,0
dfbec0fe,5.212597640507174,0,0,81,Social Media,0
bec65855,65.8792227751893,1,0,64,Web Search,0
8ece3391,62.37978161963088,0,0,62,Walk-in,0
1613e263,35.83907014415911,0,0,34,Web Search,0
0fe3963d,30.395302289109512,0,0,30,Social Media,0
82441da4,24.508405414857894,0,0,27,Referral,0
af37c16a,55.2803251627025,0,1,0,Walk-in,1
8806a008,43.11923941185242,0,0,24,Web Search,0
b9e970cf,18.61768980785409,1,0,42,Referral,0
46659249,8.981938762185587,0,1,83,Web Search,0
4eda87c4,7.375719823930915,0,0,66,Walk-in,0
6d9eca4b,54.89004820623194,0,0,62,Web Search,0
e2fa4eb7,24.102350148449954,0,0,50,Web Search,0
16829563,35.42241209370266,0,0,1,Web Search,0
60fb70cd,26.51735263860659,1,1,81,Referral,1
82f40a03,7.476493263033455,0,1,63,Walk-in,1
abb97211,5.348655211960457,1,0,73,Walk-in,0
f23f8a22,17.592232097621462,0,0,68,Referral,0
5878c700,18.83793388171911,0,1,8,Referral,0
c8c37de6,18.82822503890745,0,0,1,Referral,0
9f01447a,19.274491187684923,1,0,33,Social Media,0
86b6aa4e,90.6348425609532,0,1,59,Web Search,1
b9d118b1,50.729396435307095,0,0,60,Web Search,0
40791787,29.915092809402196,0,0,30,Walk-in,0
2a0a17ee,23.638923308818303,0,0,9,Web Search,0
1b1f9c0a,24.286099771178982,0,1,75,Social Media,0
afffee53,42.04055063834352,0,0,35,Referral,0
a588e650,23.469279675349007,0,0,84,Walk-in,0
ce0a2296,47.273988372619954,0,0,48,Walk-in,0
99e78429,32.32789248265441,0,0,69,Web Search,1
d2a294ae,91.1672262581205,1,0,48,Walk-in,1
bd5b41c4,22.39311431954473,1,0,2,Referral,0
05e46f52,53.18586267721996,1,0,73,Walk-in,0
412dd73d,9.785396952059925,0,0,4,Referral,0
094fc50d,14.761762785790253,0,1,89,Social Media,0
6a366c7d,,0,0,60,Social Media,0
2cf2be1a,45.91731919601707,0,1,84,Referral,1
375b8e9f,35.87975092804483,0,0,89,Web Search,0
8e1b026e,106.39831236754875,0,0,25,Walk-in,1
cd68e09e,23.90073410399512,0,0,71,Web Search,0
0ec9e678,53.10080229622631,0,0,4,Walk-in,1
b7b5d76a,,1,1,14,Social Media,1
0eba1f0e,71.8472103415702,0,0,15,Social Media,0
ac0fe308,8.723395174728886,0,0,0,Unknown_Source_999,0
3e95e65a,23.778421354515142,0,0,15,Unknown_Source_999,0
277a70cc,31.92217179430369,0,0,36,Social Media,0
853a81c2,,0,0,2,Social Media,0
251a11eb,34.85126598853287,1,0,51,Social Media,0
b4ba9ec4,55.83240655416374,1,0,46,Social Media,1
a0f8dec6,7.966455168844652,0,0,12,Web Search,0
e41b1e52,19.669089580207842,1,0,79,Social Media,0
b78d1ce4,62.22371389167348,1,0,54,Social Media,0
26cdf74a,21.796016905112797,1,0,20,Web Search,0
94c8665b,25.302902119925115,1,0,65,Web Search,0
379d370f,70.33422934341343,0,0,53,Walk-in,0
78796741,11.92392848360495,0,0,26,Referral,0
4a52fd50,14.555658849112008,0,0,37,Social Media,0
24ecaeb7,7.134594138375064,0,0,89,Social Media,0
972a1247,72.18372960886647,1,1,57,Social Media,1
a1740654,50.096806736147535,0,0,61,Walk-in,1
2e25ebec,49.238341733391906,1,0,45,Social Media,0
feeda9a3,19.222494953186757,1,1,88,Referral,1
334c5a9b,6.590962765679433,1,0,10,Web Search,0
8787daf8,4.7566997622589415,1,0,71,Walk-in,0
51194c10,62.52886374715668,0,1,7,Web Search,1
8b717a9a,37.587187429307086,0,0,70,Social Media,0
190d7001,42.76455935935774,0,0,63,Social Media,0
bb9123fe,30.850159334518107,0,0,20,Social Media,0
e5fe9d09,,0,0,71,Referral,0
1e61a200,19.949127873080716,0,0,62,Referral,0
dbc3ec99,10.326807348640008,1,0,84,Walk-in,0
692a2be6,9.140235269005965,0,0,63,Web Search,0
78ab8717,47.33290943698714,0,0,19,Social Media,0
f80149b6,5.252817006362244,0,1,7,Social Media,0
5dfaef20,10.392504396378431,0,0,57,Social Media,0
f1ffe76e,20.897420208113733,0,1,45,Social Media,0
bbd9970c,27.09661141476377,1,1,30,Referral,1
857afc77,7.043193077033292,0,0,8,Web Search,0
af2b0593,34.53662273609968,1,0,14,Web Search,1
437e076d,29.591597376230617,0,0,25,Walk-in,0
4b442eb4,61.81325805499887,1,1,9,Referral,1
b2bb0879,27.44385150595642,0,0,28,Social Media,0
39003139,37.06579570517981,0,0,79,Web Search,0
5af6fb41,13.721083865280034,0,0,35,Web Search,0
1fc267c0,14.234809950482926,1,0,83,Referral,0
e2cddb28,7.820497863791185,0,0,36,Walk-in,0
01bdb700,13.839375655868645,0,0,85,Walk-in,0
63ae939b,19.712258625066696,1,0,70,Social Media,0
fe014e60,57.78266749539698,1,0,22,Walk-in,1
1c5f027e,12.061753231914743,0,1,40,Web Search,0
c620f333,93.79687088168049,1,0,79,Walk-in,0
25a853c0,39.39095217831957,0,1,27,Social Media,1
f0d27eef,,0,0,47,Web Search,0
ab6054e2,25.858038920297236,0,0,37,Walk-in,0
49d53bd1,,1,0,30,Walk-in,0
3ba6c462,15.683641287240281,1,0,13,Referral,0
500f1057,6.749623552387252,0,1,72,Social Media,0
d771d31a,12.44299322056411,0,0,87,Walk-in,0
49e8662d,72.0699830031344,0,1,76,Referral,1
8912ddf1,37.716287269198304,1,0,89,Web Search,0
d67f0f4d,71.65030535788954,1,0,28,Referral,0
bc8abb63,15.342866006612358,0,0,50,Referral,0
4106f941,10.048311668770236,1,0,48,Walk-in,0
188a0c6b,,1,0,42,Walk-in,1
a1add624,12.857386344322778,0,1,71,Walk-in,1
888992c5,29.80602265346753,0,0,86,Referral,0
0cfb01ae,5.353410366094879,0,0,4,Web Search,0
19ccd947,2.855980282496771,0,0,41,Social Media,0
394f4cf7,32.96568833129828,0,0,6,Referral,0
83a8a3b3,73.39024593844866,0,0,41,Walk-in,0
14cae71e,34.023812394053714,1,0,35,Social Media,0
fcb299a7,37.44549663204627,0,0,26,Unknown_Source_999,0
cda55ff2,26.500911118828487,0,0,57,Social Media,0
c0f470cd,28.425164159186977,0,0,45,Walk-in,0
716f7aad,6.400606767691644,0,0,65,Referral,0
32fcd84a,13.290305796088681,0,0,24,Referral,0
63c26234,57.38922266395685,0,0,72,Walk-in,0
655b7666,19.359716638013193,0,0,26,Referral,0
8e8a81e9,56.61779467176053,0,0,0,Walk-in,1
cbf6564f,27.845979458532373,0,0,86,Referral,0
37d2bf2a,28.906477640972312,0,0,73,Referral,0
9a6426c5,19.479039650889547,1,0,41,Referral,0
fbe8085f,41.372347843003645,0,0,51,Web Search,0
bf1bec1b,48.47967701385949,0,0,24,Web Search,0
a716e7a3,12.659321455731153,1,0,53,Walk-in,0
b9828430,7.066458585826109,0,0,66,Web Search,0
71b94455,3.6360863553044838,0,0,5,Walk-in,0
5116257b,36.183897753786354,1,1,57,Social Media,1
c3a5ecaf,33.30500772335148,0,0,69,Social Media,0
43d9f353,111.01956357586286,0,0,52,Web Search,0
60ecc28e,26.618334726840615,1,0,65,Social Media,0
05c8cd69,23.13348976239271,1,1,57,Social Media,1
d59ec09d,30.543750303430187,1,0,81,Referral,0
45ef848d,31.761425363367593,0,1,86,Referral,1
e3e9cd0d,21.762668745556056,0,0,1,Walk-in,0
3ddecdcf,13.035061467242059,0,0,75,Social Media,0
ca0a8d17,25.549706285172856,0,0,21,Walk-in,0
76b71555,24.823826843492938,0,0,36,Walk-in,0
20c6bd71,24.518480025484216,0,1,19,Social Media,1
7e47cbfc,44.41502217940947,1,0,23,Web Search,1
76482022,25.201013982381856,0,0,83,Social Media,0
62fc6f74,7.229473931669238,0,0,64,Referral,0
2edfad3d,14.95692965173792,0,0,64,Social Media,0
b9b28dda,21.551294897691406,0,0,80,Web Search,0
d09e16d7,,0,0,0,Walk-in,0
6427bb00,36.72428325633709,0,1,2,Walk-in,1
a1a55260,,0,0,45,Referral,0
98c988cf,2.940085737596752,0,0,54,Referral,0
62e946ef,8.129387251733355,1,0,74,Referral,0
f25fd420,38.51006078724641,1,0,87,Walk-in,0
1df1539c,21.090301329909995,0,0,85,Referral,0
c6bb38c0,27.9908569982118,0,1,63,Social Media,0
0795707e,19.024010419128903,1,0,44,Walk-in,0
a2971df2,14.903501862781056,1,0,25,Web Search,0
eab176e0,19.58823099328694,0,0,76,Walk-in,0
ea980b02,28.24020346480246,1,1,64,Social Media,1
4f4e9ff1,25.05903232998771,0,0,23,Social Media,0
ec4ad1da,48.26473825721175,1,0,73,Referral,0
0339be23,5.860742877027236,1,0,34,Walk-in,0
e82cdfd9,,0,0,23,Walk-in,0
0c1844c6,20.895147709774662,1,0,27,Walk-in,0
2b910a3a,37.019603934225,0,0,79,Web Search,0
ab4998dc,42.770835166647416,1,0,15,Referral,1
c8746602,15.41528886991822,0,0,58,Social Media,0
11dbe114,0.9065824094136871,1,0,80,Social Media,0
ac5025a7,15.843796978663855,0,0,53,Referral,0
8f7291b4,33.380686542046575,0,0,78,Social Media,0
cf5bac3f,24.704696458764943,0,0,15,Social Media,0
95662b3f,37.97948037731396,1,0,14,Referral,1
8aa8fc34,56.06768159258261,1,0,10,Social Media,0
75e03edf,22.05403166036198,1,0,64,Walk-in,0
a13e74f1,17.360888042155104,1,0,78,Web Search,0
3ae96d6d,11.48216172982318,0,0,89,Referral,0
877c48f5,6.732665191095977,0,1,67,Web Search,0
78805552,4.963581415206064,0,0,42,Social Media,0
67b85409,14.152862619132462,0,1,68,Social Media,0
16e09277,51.02860779061003,0,0,12,Walk-in,0
4de1469d,40.55997108188081,0,0,9,Referral,0
0277f84e,16.691940492087866,0,0,74,Social Media,0
a85b4808,94.3665442675057,0,0,81,Referral,0
0c73a164,15.009200757619164,0,0,40,Referral,0
cf6f82d7,59.630006067612335,0,0,49,Referral,1
0ca969ce,69.06859013813197,1,1,86,Referral,1
40036c25,35.00707324385765,1,0,70,Referral,0
5ab908bf,14.038638166941181,1,0,58,Web Search,0
8704c48a,18.571896622016922,0,0,38,Walk-in,0
b13ce90d,28.749563418322705,0,0,2,Referral,0
341b510a,6.9347279453790325,1,0,75,Web Search,0
85a656ff,10.510228491861211,0,0,6,Social Media,0
3d2d70c7,9.71299028338539,0,1,48,Referral,0
80b12b66,36.898726176766324,0,0,25,Social Media,0
1ccba090,55.70788565626437,0,0,32,Referral,0
7b3dcb61,41.66686119386272,0,0,47,Web Search,0
345fc9af,49.67418466477703,0,0,78,Web Search,0
e9cd0f23,13.02189473423966,0,0,1,Web Search,0
6c945867,19.25748483599224,0,0,70,Unknown_Source_999,0
07917cd6,20.45043416631684,0,0,31,Social Media,0
d9eb8b0b,34.90817045090108,1,0,3,Walk-in,0
d665a88a,14.494222146127496,0,0,19,Referral,0
c13d73ca,47.61571740147241,0,1,35,Social Media,1
4a13f2fb,67.81638387799123,1,0,31,Web Search,0
bc189ee2,36.18004316522451,0,0,27,Social Media,0
86a8995c,18.577755601952692,0,0,76,Web Search,0
3af91c0b,12.015799066792482,0,0,0,Walk-in,0
e0683dcf,9.734677455509967,0,0,59,Walk-in,0
475add6a,2.9826354161591944,0,0,55,Web Search,0
b17ce0e8,20.95554688415586,1,0,34,Web Search,1
fda854ab,20.013533757515926,0,0,29,Referral,0
702cefb1,,0,0,53,Walk-in,0
eea32e10,15.323344008549192,0,0,35,Walk-in,0
ceeee592,21.901341626269,0,1,54,Referral,0
d13d5bdc,30.881104530329754,0,1,88,Walk-in,0
8abe1453,,0,0,79,Web Search,0
f57ef278,42.10185844693287,0,0,57,Social Media,0
70ffabef,28.67186410055347,0,0,82,Social Media,0
4476179b,7.357279715878795,0,1,64,Walk-in,0
67727a68,33.566153006738034,0,0,68,Referral,0
1ddea3b1,14.388935564267738,1,1,50,Web Search,1
b9a0ba01,57.4630502828907,0,0,21,Social Media,0
6786d965,25.414188854040294,0,0,87,Web Search,0
7964f844,29.95798082645756,0,0,52,Walk-in,0
debfa533,116.80335639778849,1,1,35,Walk-in,1
febb7f06,42.6099993084589,0,1,67,Social Media,1
2b511214,33.13133871015237,0,0,35,Walk-in,0
0855d472,22.413519506855884,1,0,51,Referral,0
52eb95d3,7.9963926319495595,1,0,52,Walk-in,0
f519545b,21.166805688882558,0,0,81,Walk-in,0
38408b2a,11.881904371815166,0,0,49,Walk-in,0
57bf4f0a,73.28437609514265,1,0,79,Web Search,0
6877ee48,33.44806456100472,1,0,40,Web Search,0
cb84c9a6,56.069671861188056,1,0,17,Social Media,1
b3afee83,14.9532079666255,0,0,21,Social Media,0
4d240bb8,12.672750120895088,0,0,65,Social Media,0
a56daee7,39.77247855782807,0,0,20,Walk-in,0
bc070be2,11.451186621871468,1,0,43,Web Search,0
ece3ad69,17.449479507499124,0,0,46,Referral,0
5e8c0ed5,75.57095598067322,0,0,38,Walk-in,0
7c72ebb9,18.032157813066682,1,0,28,Walk-in,0
a6c88a2f,6.364358844657001,0,0,53,Walk-in,0
682d242d,4.05501557476508,1,0,89,Referral,0
dace3ceb,5.565752888651,0,0,84,Social Media,0
b55db736,58.28656109384705,0,0,16,Referral,0
81b4547d,15.763725514624007,0,1,79,Social Media,0
03b9ab80,114.46577379484468,1,1,59,Referral,1
cdb1574b,68.33149947784818,0,0,30,Web Search,0
677d797b,87.44407646524485,0,0,72,Walk-in,0
db4096b4,50.536555381679406,1,0,77,Walk-in,1
c1b1c329,38.31919747888661,0,1,48,Walk-in,1
f362deac,12.267182862203406,0,0,1,Social Media,0
1fc98af6,24.934710831503168,0,0,47,Referral,0
09a95d1f,41.05559253469743,0,0,13,Web Search,0
e9237e7f,48.437617280119085,0,0,58,Referral,0
dbd0e131,8.76816235531605,0,0,57,Walk-in,0
6184d149,21.43419512942885,0,0,57,Web Search,0
1790f810,23.432832653460938,0,0,50,Web Search,0
d0ed4226,22.715705342004647,0,0,83,Walk-in,0
ab93849a,9.949182822779507,0,0,1,Referral,0
5df66533,80.83546470063646,0,0,40,Walk-in,0
4b4e2d80,20.865630138645205,0,1,82,Referral,0
3d37e337,,0,0,81,Web Search,0
02858286,82.13357407072822,0,0,15,Web Search,1
08740e19,68.37442125562987,0,0,3,Walk-in,0
cdd718d3,27.828698509815638,1,0,11,Web Search,1
edc4e013,17.01763455547532,0,1,28,Social Media,0
71b2f5eb,5.088907685562366,1,0,6,Web Search,1
74693475,36.32304997054445,1,1,13,Social Media,1
86d02e84,16.038092627083305,0,0,11,Web Search,0
7df4b4f3,24.4709525407218,0,1,4,Walk-in,1
b197217c,77.41928984484994,0,0,80,Walk-in,0
153409a7,15.057526956908813,1,0,31,Social Media,0
2d1efdff,35.22085060825623,0,0,73,Walk-in,0
6fe0ba9a,42.96295125997154,0,1,42,Web Search,1
75eee96c,57.081100112244634,0,1,80,Web Search,1
ea339a23,23.110246520201507,1,0,68,Walk-in,0
4d7d70b6,21.259653900471225,1,1,44,Web Search,1
1d516009,20.8657195227958,0,0,8,Referral,0
1fae7046,32.81012480256706,0,0,48,Referral,0
371e9dfd,66.47761998050706,0,0,32,Web Search,0
8498e106,20.108677675932626,0,0,17,Walk-in,0
505d74a7,1.3085106118504157,1,0,8,Social Media,0
fb96291f,46.324468647308656,0,0,61,Walk-in,0
7d969be1,26.31983781578264,0,0,56,Social Media,0
937858d5,36.38118790348544,0,0,28,Walk-in,1
31b8db30,5.3074484982560906,1,0,77,Web Search,0
3174b02c,16.090699097448205,1,0,24,Referral,0
86b566bd,43.75077616976109,0,0,14,Walk-in,0
e094febe,7.727826112457446,1,0,5,Social Media,0
f88b8485,35.16383033247032,0,0,41,Referral,0
17eb17cd,24.316137755787,0,0,28,Social Media,0
31cd5ae0,13.302234163170892,0,0,78,Web Search,0
d1ac65fb,12.363164404713306,0,0,3,Referral,0
276d7ef4,10.037082659107138,0,0,81,Social Media,0
479a735a,26.21354815513508,1,0,56,Walk-in,0
9f80552c,28.57479791089603,0,0,48,Web Search,0
feb0c893,18.544807133809833,0,0,43,Web Search,0
d4e79df9,9.455185131541633,0,0,79,Web Search,0
2033d6ef,34.44267080028116,0,1,74,Walk-in,0
f3cc95e6,46.90795826439465,1,1,13,Walk-in,1
a5b3bc77,39.008771611586404,0,0,2,Referral,0
36949f17,89.75784082345687,0,0,61,Walk-in,0
8cc6950e,21.622848382290897,1,0,63,Referral,0
45c5a0ff,62.194185361904516,0,0,44,Web Search,0
b932a17c,14.461313959424558,0,1,81,Referral,0
55c7a4d0,12.497589856842499,0,0,57,Social Media,0
1866cda4,27.4515348544318,0,0,19,Web Search,0
1a46d171,71.50512671859815,1,0,57,Web Search,1
42180e4f,19.764174920019222,1,1,88,Referral,0
cd9ebbb7,5.303005063079586,0,0,56,Web Search,0
7d36b1a4,46.297140534784184,1,0,76,Walk-in,0
f2907b55,23.52277936885227,0,0,67,Social Media,0
4ff8c8ff,31.24306634753242,0,0,77,Referral,0
664d4a38,13.084727995362202,0,0,51,Referral,0
1d2142c8,27.258248389991355,0,0,36,Web Search,0
a7c05bef,6.210725857722365,0,1,7,Walk-in,1
ae6513a1,81.65141717485278,0,1,43,Web Search,1
a404935b,52.28972609369337,1,1,4,Web Search,1
00a58fd7,26.337172611931823,0,0,68,Referral,1
01fc4be3,45.41687881478453,0,0,30,Web Search,0
18d2d553,14.493796650572227,0,0,44,Social Media,0
2b8fb2d4,50.71938306495352,0,0,8,Web Search,0
fa93616d,19.06133024008789,0,0,31,Web Search,0
da2691b7,17.969739797045847,0,0,32,Referral,0
82affdb8,10.690470362553185,1,0,66,Web Search,0
4ee0a93f,34.13285053720321,0,0,29,Walk-in,0
a7316fa9,25.471946785736527,0,0,75,Referral,0
86b36cb8,63.531390512811214,0,0,28,Web Search,0
49b8e02c,9.554226348439801,0,0,2,Social Media,0
ed96363f,34.24517797025881,0,0,89,Social Media,0
5e02b8c7,55.76346889309672,1,0,56,Referral,0
741154e1,28.95632282217568,0,0,29,Referral,0
94ec2494,18.76564055430895,0,0,8,Web Search,0
9aa42248,28.40618559678424,0,0,25,Walk-in,0
2ac56a48,60.179837188828635,0,0,1,Web Search,0
3f978669,60.16305746970518,0,0,61,Social Media,0
6c0c86aa,22.78260541065029,1,0,2,Walk-in,1
e0fa6ae1,59.466061839623855,0,0,45,Walk-in,0
be433a58,,1,0,67,Unknown_Source_999,0
68be8aa6,45.06737136681557,0,0,24,Web Search,1
b218329e,37.15236633068665,1,0,50,Social Media,0
a185e9be,18.1551346792779,0,0,12,Referral,0
f14eae17,11.054071857383454,0,0,43,Web Search,0
1ccc7405,56.75351704963329,0,1,34,Referral,1
d4eca39f,67.5473416662187,1,0,54,Walk-in,1
4ba24be7,33.661508416724175,0,0,86,Walk-in,0
def3b6d7,24.534375138279522,0,0,8,Web Search,1
25d80380,8.413343018949877,0,0,1,Social Media,0
1b625d0f,55.77316685970069,1,0,60,Walk-in,0
befa3c61,30.896889472370074,0,0,40,Referral,0
3761eea1,20.314017326237753,1,0,43,Referral,0
5b85fa84,45.95303863872355,0,0,63,Web Search,0
0329c335,6.944176263326723,0,0,30,Referral,0
748862fd,,0,0,46,Social Media,0
da437872,14.038248011225194,1,0,1,Walk-in,0
268a838e,36.33069529540105,0,0,81,Referral,0
0a741fe9,28.641326576198914,1,0,76,Referral,0
17c2a78e,39.415725632030735,0,1,68,Walk-in,0
7fc8829d,53.23447109584863,0,0,57,Web Search,0
ee893f49,,0,0,43,Referral,0
e0f4cf1c,82.78990573500194,0,0,73,Web Search,0
3061f756,53.15056630774142,1,0,55,Web Search,0
b5d00796,22.740536185933564,1,1,42,Referral,1
cfbb58a9,16.000277423254925,1,0,88,Social Media,0
9458b0bf,23.287492581494437,1,1,33,Web Search,1
250f1b76,41.408748662454244,0,0,29,Referral,0
0e91f19b,17.47954382201672,0,0,70,Web Search,0
bb2ae3fd,42.20974914279145,1,0,69,Walk-in,0
2c266d2b,38.91020404043309,0,1,54,Social Media,1
771998ae,10.908286778738857,1,0,66,Social Media,0
954f7fef,52.477890720402094,1,0,12,Walk-in,0
564af675,32.808309747853784,0,0,2,Walk-in,0
5e59a70d,80.1636907450667,1,0,25,Web Search,1
50f7c51b,24.625823402947557,0,1,56,Walk-in,0
f0b45142,19.576546317243775,0,0,23,Social Media,0
5414f04a,9.643338742604636,0,0,52,Walk-in,0
b50141e1,9.49916691354226,0,0,69,Referral,0
ae6bdc93,48.28736393779142,0,0,42,Referral,0
ed60d394,74.91094059606189,0,1,59,Web Search,1
cec27961,23.031407412522906,1,0,57,Social Media,1
73617315,21.87121469777196,1,0,48,Referral,0
63ccdfb2,26.381238767221774,0,1,41,Walk-in,0
48173ed5,54.92445342472774,0,0,75,Referral,0
820c3fa7,10.998609849855761,1,0,65,Referral,0
3751d6f8,29.90592280183007,0,0,10,Web Search,0
df248317,49.03877234263446,0,0,89,Walk-in,0
afb92817,36.013269061583394,0,0,17,Walk-in,0
6e6954a7,0.6887846416434507,0,1,84,Walk-in,0
42b8980b,40.558619468162604,0,0,51,Web Search,0
bedc3626,36.26352493387887,1,0,45,Walk-in,0
7cd7ca88,62.15089508338147,0,1,43,Walk-in,1
a4610900,71.02236904618508,0,0,21,Referral,0
1fd9dff9,60.086562085695604,0,0,52,Referral,0
d79a7d5a,26.489402018792696,0,0,58,Walk-in,0
7ea135d9,5.040395117748224,0,1,29,Social Media,0
da0507bf,21.74632347568238,1,0,7,Social Media,0
33e9d60c,25.85389928259644,1,0,56,Walk-in,0
f450dbda,74.28632023804731,0,0,72,Social Media,0
4b0d762d,13.202298726350996,1,0,19,Web Search,0
8fbaf607,7.160371859423543,1,0,24,Referral,0
f6515226,17.5740520967079,1,0,18,Web Search,0
0ce1adcf,13.845698419497102,0,0,4,Referral,0
5dbd0671,6.458536241831735,0,0,74,Social Media,0
7b93170f,23.424953189100343,0,1,78,Social Media,0
faa25528,26.630661624080734,0,0,71,Walk-in,0
9944b03f,6.064395044935738,0,0,82,Social Media,0
82262d12,19.477521107263218,0,0,86,Social Media,0
e79b2109,13.080133580231562,1,0,26,Walk-in,0
5924abc0,27.294280364762376,1,0,39,Walk-in,0
415cdec2,,1,0,25,Referral,1
55492b0b,,0,0,26,Social Media,0
690e15e5,52.16184887269223,0,0,61,Referral,0
6c39996b,25.414973399155386,0,0,82,Referral,0
ff731431,13.637976848395923,0,0,49,Web Search,0
9e8c30ac,5.651132344805227,0,0,41,Social Media,0
511b056f,30.53787125316257,0,0,28,Social Media,0
cd1e55a1,36.20208030961485,0,0,38,Web Search,0
f913982a,16.76379532342136,1,0,59,Referral,0
ed4df915,27.951736587252164,0,0,40,Social Media,0
37e9adfa,71.02013052550504,1,0,32,Referral,0
b7cc8fc5,46.69924056517101,0,0,82,Web Search,0
ef5e0d94,2.1941831093850914,0,0,82,Walk-in,0
c77b2ab3,13.499508949881124,0,0,15,Referral,0
50116d0e,22.54338859038882,0,0,22,Social Media,0
e14f73ab,26.517956702660655,0,1,6,Walk-in,1
e7542b70,28.41027009172495,0,0,25,Referral,0
69b80d13,34.57184610637494,0,1,11,Referral,1
d178ba57,23.139034766302323,0,0,71,Walk-in,0
5a42011d,25.366800802278018,0,0,4,Walk-in,0
28818bc5,48.37238086106748,1,1,68,Walk-in,1
0341c906,30.982523185512544,0,0,48,Social Media,0
e614b5af,8.748558192793116,1,0,25,Social Media,0
545c483f,27.161726276925354,0,0,4,Referral,0
fe3ddfd5,22.592577365809596,1,0,21,Referral,1
a50b7760,3.3970722350861116,1,0,78,Web Search,0
69b04071,28.225133946111843,0,0,12,Social Media,0
c04b6fb3,9.912679597968378,0,0,27,Referral,0
e87f4ba5,,1,0,32,Walk-in,0
9ae538cb,34.21860736564731,0,1,22,Walk-in,1
4b488bda,8.277320491692041,0,0,17,Social Media,0
e9bbb781,47.35773658793718,0,0,29,Walk-in,0
f0b60c42,,1,0,25,Web Search,0
bbcb7c0d,20.463758679971242,1,0,15,Referral,1
d660e034,22.48827399957873,0,0,76,Referral,0
eddb70f4,44.217666075409596,0,0,38,Referral,0
1be8cd3f,59.71989691435515,0,0,32,Social Media,0
5c045f30,4.648037082634291,0,0,25,Walk-in,0
6a4720d0,9.265789276999374,1,0,47,Web Search,0
7dd8b653,17.858621476795257,0,1,64,Social Media,0
f5080d85,19.496789664928954,0,0,37,Referral,0
2f041b5f,,0,0,1,Web Search,0
b2a1c83e,59.92667332580604,1,0,5,Referral,1
7784a432,62.936909037044806,0,0,45,Referral,0
ee1d3707,4.517153384492842,0,1,49,Social Media,0
6e5ec07e,12.416310629719117,0,0,37,Referral,0
eccec0d6,15.192555339634538,0,0,87,Web Search,0
15496320,12.371024418079784,0,0,17,Referral,0
0a5a7dfe,34.14386185953496,0,0,26,Walk-in,0
24bc1fbb,37.141036456933314,0,0,40,Referral,0
4c2d7761,,1,0,71,Social Media,0
c1a86322,23.32760181316429,1,1,73,Web Search,1
3651da90,18.49750849788762,1,0,16,Social Media,0
26d5037f,20.315853883558756,0,1,61,Walk-in,0
84a1542f,70.49420372308079,1,0,28,Referral,1
ccc55ed3,41.07087668240087,0,0,57,Social Media,0
019206b8,19.07678259541602,0,0,69,Social Media,0
0cf44161,22.979140013774288,0,0,77,Social Media,0
1bbb4648,34.710873339271835,0,0,21,Social Media,0
60cacdd0,8.27465000022674,0,0,5,Walk-in,0
63914c31,27.871501645739073,0,0,25,Walk-in,0
cc491d39,39.50313388042872,0,0,38,Referral,0
75f7d570,36.0071019419794,0,0,11,Referral,0
0cd1495f,12.637259884780324,0,0,13,Web Search,0
673241d7,14.80161541387625,0,0,21,Walk-in,0
87c6b0a8,2.9223035797006207,0,0,50,Social Media,0
04ab64ea,42.460101367457796,1,0,22,Social Media,0
c62373ce,90.5130914681866,1,0,47,Web Search,1
4f8003f5,11.08811212023625,0,1,70,Social Media,0
5e2228cd,52.95482380634256,0,0,49,Web Search,0
b579e55e,85.33086666460247,0,0,88,Referral,0
970f55db,17.028516618326496,1,1,12,Walk-in,1
fd98dc63,23.003932427114886,0,0,84,Web Search,0
d5c46f65,30.242596703508116,0,1,9,Social Media,1
57e64b87,35.19454750781621,0,0,54,Web Search,0
cfe98fe9,31.452428384889714,0,0,8,Referral,0
30f9979f,18.156849189215006,0,0,78,Social Media,0
869de3fc,39.07178804507656,1,0,51,Referral,1
93edf290,18.50385683712243,0,0,1,Referral,0
a864d45e,33.036617982437384,0,0,24,Web Search,0
c595b5d4,24.43759882770632,1,0,12,Referral,0
cd4ca037,3.9850202042209473,1,0,50,Social Media,1
dacf65ca,58.26400320642703,0,0,57,Referral,0
f451eafd,15.148180828907295,0,0,33,Referral,0
a23bdf17,62.17860240921158,0,0,34,Web Search,0
1259c90a,51.533565183093444,1,0,2,Referral,1
f06a6257,29.576968591651177,0,1,58,Walk-in,1
6e1e986d,36.510236077352616,1,0,69,Web Search,0
8c960cb7,39.69165116673832,0,1,47,Web Search,0
4801e3fe,21.369963154113364,0,0,63,Social Media,0
da1df55f,22.18353382101076,0,0,18,Social Media,0
51cc7940,38.34571349328213,0,0,66,Social Media,0
3c1cc504,24.63945375914285,0,0,81,Social Media,0
c3c7bc31,18.205868429363733,0,0,72,Walk-in,0
e8cfc161,12.821316346412717,0,0,75,Web Search,0
3f7bb8ed,33.74001523053481,1,0,4,Referral,0
c209923b,14.721615763900902,0,0,66,Social Media,0
a9f14a08,45.69479691013989,1,0,10,Social Media,1
844b603d,48.37203240488157,0,0,67,Social Media,0
d13b7d07,36.310265905753546,0,0,68,Referral,1
6ff14686,41.834293957024855,0,0,0,Social Media,0
51083930,36.387133396582946,0,0,62,Referral,1
98a0241e,43.923809104299714,1,0,28,Web Search,1
b42c8c9f,42.63624609971538,0,0,81,Web Search,0
81df120a,32.44202492795343,0,0,11,Web Search,0
8895d821,51.976874580720036,0,0,76,Walk-in,0
e1ec5827,21.973310040680637,0,0,40,Referral,0
37c0cb25,13.1715524861808,0,0,1,Social Media,0
1e2048c7,12.580374933572134,1,0,36,Social Media,1
07799503,19.497983378234654,1,1,44,Social Media,1
8e6e036a,3.3372074291951708,0,1,79,Social Media,0
299cb9c7,29.362061687086698,0,0,47,Walk-in,0
c393da18,40.062556592110624,0,0,23,Social Media,0
f3bbde5f,47.90581826355486,0,0,21,Walk-in,0
d8cbf3bb,5.003239740409659,0,0,10,Referral,0
4e54ac7a,12.947699318797639,0,0,57,Web Search,0
07aee4ca,44.74844499679115,0,0,45,Social Media,1
55aafc0c,21.431282247297897,0,1,28,Web Search,1
13be2d6e,,0,0,34,Referral,0
44b269b6,7.861662118711152,0,0,14,Referral,0
4cf02919,61.6900527628011,0,0,59,Social Media,0
5e6d7064,7.255042831582676,0,0,41,Referral,0
755883bf,28.731908581710876,1,0,42,Web Search,0
8a7e679b,29.283788411571017,0,1,79,Social Media,0
aaab5c81,16.63689996955823,0,0,73,Walk-in,0
6461e01f,35.405728215270074,0,0,48,Social Media,0
f261c2fc,36.12146425838817,1,0,63,Web Search,0
fa5bb730,33.39505816287343,0,0,31,Social Media,0
19a508e2,16.382445023971492,0,0,63,Social Media,0
f7610d00,13.815785248821655,0,0,1,Web Search,0
1bf947b2,17.882336811220387,1,0,23,Social Media,0
9baeef9c,12.216401345075337,1,0,86,Social Media,0
6c82f151,53.59846968396147,0,0,65,Web Search,0
87e893a9,19.172750117352074,1,0,37,Referral,0
4d792e60,28.127283834352266,1,0,30,Web Search,1
51642564,44.62361912737125,1,0,25,Social Media,1
3141f3c1,11.687090040787803,0,0,28,Walk-in,0
ea25623a,6.945072888906482,0,0,66,Unknown_Source_999,0
b9bb995d,12.254429602626509,0,0,77,Web Search,0
8f1b918f,30.43695977609911,1,0,24,Walk-in,1
e2ab9d1a,28.939359914679553,0,0,47,Social Media,0
024ed7fd,33.34925152054514,0,0,64,Social Media,1
fa4bce0c,23.053919722485297,0,0,52,Web Search,0
787b7126,1.2694089559128094,1,0,66,Social Media,0
c3918ee9,22.488807765457196,1,0,89,Referral,0
514eaf27,48.74199116801836,0,0,17,Social Media,0
19b16812,57.39048793319205,1,0,8,Web Search,0
3e1ceffe,26.75644759106352,0,0,37,Referral,0
feaf3b19,29.01897557327959,1,0,86,Referral,0
40574226,38.92070330636764,0,0,20,Walk-in,0
629e3b8e,,0,0,64,Social Media,0
191e18f1,25.010225273061522,1,0,20,Web Search,1
fa7dd6be,38.54307998122624,0,0,26,Walk-in,0
c52e3748,15.78254760670344,1,0,69,Walk-in,0
0c152859,8.028913353508052,0,0,43,Social Media,0
30da3440,17.20998358102273,0,0,27,Social Media,0
263e550e,64.99385094218964,0,0,44,Web Search,1
8f359edd,39.08835744332963,0,0,16,Walk-in,0
ae215ce6,,0,1,39,Web Search,0
4120e693,40.361229131639185,0,1,2,Walk-in,1
6ea767a9,9.458039135362133,0,1,75,Walk-in,0
606eb145,33.02050990512741,0,0,75,Walk-in,0
a0855b7e,11.284469929646152,1,0,65,Social Media,0
6633a04d,8.316538651584958,1,0,45,Walk-in,0
63af1a8d,72.2095615057526,0,0,85,Walk-in,0
a41550a9,19.161009686891617,1,0,86,Walk-in,0
507ec497,38.59429062922367,0,0,29,Referral,0
412110c1,25.800797802635394,0,0,68,Social Media,0
75e4a2cd,10.181460194483266,1,0,8,Referral,1
dc901e9c,20.82933047399411,1,0,84,Social Media,0
be44223e,10.26508285291654,0,1,10,Web Search,1
545e01fa,106.86686888525097,1,0,68,Referral,1
2178171b,43.47966859672508,0,0,65,Web Search,0
f10d8770,25.437578604779915,1,1,87,Walk-in,1
c4c06cc4,37.16208996157954,0,0,30,Web Search,0
1ec9ab66,41.56970082679977,0,0,32,Web Search,0
614d6a14,41.6459696753258,0,0,38,Web Search,0
b7d01d6f,40.424706064107504,0,0,45,Web Search,0
8278a8aa,38.300850086540805,0,1,36,Social Media,1
52c32665,27.0247669444621,1,0,59,Referral,1
f0439cf6,68.59342685682331,0,0,30,Social Media,0
aafe09d4,28.328235354305622,0,0,10,Social Media,0
e91a6876,25.998440607724493,0,0,86,Social Media,0
320c6fd8,28.50922492159645,0,1,1,Web Search,1
9c87c0b9,,0,0,26,Social Media,0
054b1a7d,5.047468461787972,0,0,1,Referral,0
546b3b4a,12.14353703207586,0,0,20,Social Media,0
2dfb4454,23.053314162394177,0,0,57,Walk-in,0
b8448b58,4.770870851351408,0,1,4,Web Search,0
0420e2ad,25.406650254644877,1,0,51,Walk-in,0
c78b8f82,29.738902225066074,1,0,44,Referral,0
0e39548c,7.675927917473783,0,0,84,Referral,0
b80c4cd0,14.86295464710476,0,0,19,Referral,0
